{
    "loss": 3.533233880996704,
    "accuracy": 0.917341947555542
}